specialty_id,explanation,lema,orden,symptom_id,department,symptom_name,logica,plan,description_symptom,kpi_question,kpi_impact,kpi_formula,kpi_objective,threshold_critical,threshold_recommended,threshold_optimizer,threshold_elite,inputs,input_a,input_b,input_revised_1,input_revised_2,result_revised,impact_treatment,optimizer_impact,optimizer_decision,optimizer_decision_explanation,optimizer_action,optimizer_tool_explanation,example,color_theme,capa_1_priorizacion,justi_capa1,capa_2_decision,capa_2_options,justi_capa2,capa_3_comprension,justi_capa3,capa_4_cambio,justi_capa4,capa_5_ejecucion,justi_capa5,capa_6_seguimiento,justi_capa6
UCI FINANCIERA,Aquí tratamos los casos donde la empresa ya no puede permitirse un error más. Si has llegado hasta esta unidad es porque tu negocio está enviando señales claras de agotamiento financiero: tensión de caja decisiones urgentes y riesgo real. En esta UCI estabilizamos la liquidez como si fuera un órgano vital. No parcheamos. No improvisamos. Actuamos con precisión clínica para evitar el colapso.,Si el flujo de caja no es el adecuado todo falla. Aquí vamos a detener esta hemorragia financiera.,1,UCI-S1,Finanzas,Hemorragia de Liquidez,Tu negocio genera ingresos pero el dinero no llega a caja. Se queda atrapado en stock inmovilizado cobros retenidos y anticipos que no regresan. Identificamos el punto exacto de fuga y aplicamos un protocolo de contención para recuperar liquidez real y sostenida.,PIE,"Si tienes dinero ya facturado, vendido o pagado que aún no está disponible en caja, tu liquidez está sangrando. Esto reduce tu capacidad operativa y aumenta el riesgo de no poder cubrir gastos fijos. Vamos a medirlo con dos datos que ya tienes: • Input A: suma el valor de los productos que llevan más de 6 meses sin venderse, las facturas que llevan más de 90 días sin cobrar, y los pagos que adelantaste pero que aún no se han convertido en producto o servicio recibido. • Input B: tus gastos fijos mensuales — lo que pagas cada mes independientemente de si vendes o no.","Introduce ambos datos para calcular cuántos meses de operación tienes bloqueados. Este número revela cuántos meses tu negocio podría seguir funcionando sin vender nada más: es tu margen real de supervivencia. Y tras aplicar las 7 capas del tratamiento, este margen debería mejorar de forma visible y medible.",Reducir el dinero bloqueado por debajo de 0.3 meses devuelve liquidez suficiente para operar 10 días sin nuevas ventas.,(InputA/InputB),<0.3,70,85,95,100,"[{id:inputA,label:Stock inmovilizado + facturas >90 días + anticipos no materializados},{id:inputB,label:Gastos fijos mensuales}]",Stock inmovilizado + facturas >90 días + anticipos no materializados,Gastos fijos mensuales,Total dinero rescatado post,Gastos fijos mensuales,Meses liberados,Reducción real del dinero atrapado y aumento inmediato de liquidez disponible.,Liberación inmediata de liquidez sin endeudarte.,Localizar el Dinero Invisible,Antes de pedir crédito identifica dónde tienes dinero bloqueado que puedes liberar en 30 días.,Protocolo de Rescate en 30 Días,Escanea tus números y te dice cuánto puedes rescatar y cómo.,Taller mecánico: 8500€ atrapados. Gastos fijos: 12000€/mes. Meses atrapados: 0.71. Tras aplicar el protocolo libera 6500€.,amarillo,El dinero está atrapado en stock inmovilizado; morosidad; anticipos no materializados; ciclo de cobro largo; gastos fijos altos; sin protocolo de rescate; dependencia de ventas futuras; caja insuficiente.,La mayor parte del dinero bloqueado proviene de stock inmovilizado y morosidad.,Impacto vs Esfuerzo,Identificar stock inmovilizado; localizar facturas >90 días; revisar anticipos; calcular meses atrapados; aplicar protocolo; contactar morosos; liquidar stock muerto; revisar gastos fijos; priorizar acciones <30 días; mapear order-to-cash.,Necesitas priorizar qué libera liquidez más rápido.,VSM (mapa de flujo de cobro),Para ver el flujo completo y dónde se atasca.,Kaizen de liquidez,Para micro-mejoras continuas.,Checklist de cobros,Para estandarizar facturación y cobro.,OKR tracking,Para medir si la liquidez se libera.
UCI FINANCIERA,Aquí tratamos los casos donde la empresa ya no puede permitirse un error más. Si has llegado hasta esta unidad es porque tu negocio está enviando señales claras de agotamiento financiero: tensión de caja decisiones urgentes y riesgo real. En esta UCI estabilizamos la liquidez como si fuera un órgano vital. No parcheamos. No improvisamos. Actuamos con precisión clínica para evitar el colapso.,"Si el margen no acompaña aunque trabajes más horas, hay infección de rentabilidad.",2,UCI-S2,Finanzas,Infección de Rentabilidad,Trabajas vendes y produces pero el margen no acompaña. Parte de tu cartera está erosionando beneficios sin que sea evidente. Diagnosticamos qué líneas clientes o servicios están infectando la rentabilidad y cómo sanearlos sin frenar ingresos.,PIE,Si trabajas muchas horas pero tu margen real no crece parte de tus clientes o servicios está infectando tu rentabilidad. Esto te obliga a trabajar más para ganar lo mismo. Vamos a medirlo con dos datos: Input A = ingresos totales del mes. Input B = costes directos del mes. Calculamos el margen real por hora para ver si estás trabajando para los clientes correctos.,Introduce tus ingresos totales del mes (Input A) y tus costes directos del mes (Input B) para calcular el margen real por hora invertida en tus 10 principales clientes. Este valor revela si estás dedicando tiempo a clientes que realmente sostienen tu rentabilidad.,Priorizar clientes con más de 50 €/hora de margen real permite duplicar la rentabilidad sin aumentar volumen de ventas.,((InputA-InputB)/HorasDedicadas),>50€/h,70,85,95,100,"[{id:inputA,label:Ingresos totales del mes},{id:inputB,label:Costes directos del mes}]",Ingresos totales del mes,Costes directos del mes,Top 10 clientes post-optimización,Margen real promedio post,Δ margen real por hora,Aumento directo del margen real por hora invertida.,Incremento inmediato de rentabilidad sin aumentar ventas.,Radiografía de Rentabilidad por Cliente,No basta con saber quién te paga más: necesitas saber quién te deja más después de descontar tiempo y líos.,Clasificación por Salud de Cliente (A/B/C),Identifica clientes tóxicos y clientes sanos.,Peluquería: clienta VIP factura 800€/mes pero deja 31€/h reales. 8 clientas regulares dejan 95€/h. Reorientando esfuerzo triplica margen horario.,amarillo,Parte de la cartera destruye margen real; algunos clientes consumen más recursos de los que aportan; el tiempo invertido no se corresponde con el margen generado; existen líneas tóxicas; la rentabilidad aparente oculta drenaje operativo; no existe clasificación clara de clientes; el precio no refleja el esfuerzo real; la dedicación está desalineada con el valor generado.,La rentabilidad real se erosiona porque ciertos clientes y líneas consumen más recursos de los que aportan.,ABC de rentabilidad,Calcular margen real por cliente; clasificar clientes A/B/C; identificar clientes tóxicos; reasignar tiempo; revisar precios; eliminar servicios que destruyen margen; analizar coste real por hora; detectar desviaciones; priorizar clientes con >50€/h; rediseñar portafolio.,Porque necesitas clasificar clientes según su contribución real.,Análisis causa–efecto,Porque necesitas entender qué factores erosionan el margen.,Rediseño de portafolio,Porque necesitas ajustar oferta precios o dedicación.,Checklist de rentabilidad,Porque necesitas asegurar consistencia en cómo se calcula y gestiona el margen.,OKR tracking,Porque necesitas medir la mejora del margen por cliente.
UCI FINANCIERA,Aquí tratamos los casos donde la empresa ya no puede permitirse un error más. Si has llegado hasta esta unidad es porque tu negocio está enviando señales claras de agotamiento financiero: tensión de caja decisiones urgentes y riesgo real. En esta UCI estabilizamos la liquidez como si fuera un órgano vital. No parcheamos. No improvisamos. Actuamos con precisión clínica para evitar el colapso.,Si cobras tarde aunque vendas bien tu caja se asfixia.,3,UCI-S3,Finanzas,Hipertrofia de Cobro,El negocio vende pero el dinero no circula. Entre la venta y el cobro aparece un cuello de botella que asfixia la caja. Localizamos la obstrucción y rediseñamos el flujo de cobro para liberar liquidez y estabilizar el ciclo financiero.,PIE,Si entregas bien pero cobras tarde estás financiando a tus clientes sin quererlo. Esto asfixia tu caja aunque las ventas parezcan ir bien. Vamos a medirlo con dos datos: Input A = días desde entrega hasta factura. Input B = días desde factura hasta cobro. Calculamos cuántos días tarda realmente tu dinero en llegar a tu cuenta.,Introduce los días desde entrega hasta factura (Input A) y los días desde factura hasta cobro (Input B) para conocer la duración real de tu ciclo de cobro. Este número revela cuántos días tarda tu dinero en volver a tu caja.,Reducir el ciclo de cobro por debajo de 30 días libera liquidez equivalente a un 10% de la facturación mensual por cada 10 días recortados.,(InputA+InputB),<30 días,70,85,95,100,"[{id:inputA,label:Días desde entrega hasta factura},{id:inputB,label:Días desde factura hasta cobro}]",Días desde entrega hasta factura,Días desde factura hasta cobro,Días desde entrega hasta factura (post),Días desde factura hasta cobro (post),Δ días ganados,Reducción real del ciclo order-to-cash.,Aceleración inmediata del flujo de caja.,Mapeo del Atasco de Flujo,Identifica dónde se atasca el dinero: tú el cliente o la burocracia.,Aceleración por Tramos del Ciclo,Mide cada tramo del ciclo real.,Tienda de alimentación: pasa de 42 días a 28 días y libera 7000€ de liquidez.,amarillo,El ciclo order-to-cash es excesivamente largo; existe un cuello de botella entre entrega y cobro; la facturación se retrasa; el cliente tarda demasiado en pagar; el flujo depende de procesos lentos; no existe protocolo de aceleración; la empresa no mide tramos; la caja se asfixia por retrasos acumulados.,El ciclo de cobro supera los 30 días y presenta un cuello de botella claro entre entrega facturación y pago.,Urgente vs Importante,Medir días desde entrega hasta factura; medir días desde factura hasta cobro; identificar tramo exacto del atasco; aplicar protocolo; revisar facturación; contactar clientes críticos; reducir burocracia; recordatorios automáticos; priorizar acciones <30 días; mapear order-to-cash.,Porque necesitas distinguir retrasos críticos de retrasos tolerables.,TOC (cuello de botella de cobro),Porque necesitas identificar el punto exacto donde se frena el cobro.,Plan de aceleración de cobros,Porque necesitas reducir el ciclo completo de cobro.,Checklist de facturación,Porque necesitas asegurar que cada paso del cobro se ejecuta sin fallos.,OKR tracking,Porque necesitas medir la reducción del ciclo de cobro.
UNIDAD DE PROCESOS,"Cuando los procesos fallan el tiempo se convierte en un enemigo silencioso. Cuellos de botella, urgencias constantes y desgaste operativo están ralentizando tu empresa. En esta unidad reordenamos y simplificamos tu sistema operativo para devolver fluidez ritmo y control real.","Si tu respuesta es lenta, estás perdiendo dinero sin notarlo.",11,UNI-S1,Procesos,Esclerosis Operativa,Los procesos avanzan más por inercia que por diseño. Las tareas se acumulan en colas aprobaciones y esperas innecesarias. Eliminamos los bloqueos que endurecen la operación y recuperamos fluidez en la ejecución.,PIE,Si tus pedidos pasan más tiempo esperando que en trabajo real tu operación está rígida y lenta. Esto retrasa entregas bloquea capacidad y genera urgencias constantes.,Introduce las horas totales de espera acumuladas antes de iniciar el trabajo real (Input A) y las horas totales del ciclo completo (Input B) para calcular qué porcentaje de tu proceso es tiempo muerto. Este valor revela cuánta parte de tu operación no aporta trabajo real y está frenando la entrega.,Reducir las esperas por debajo del 25% del ciclo total acelera la entrega sin contratar más recursos y libera capacidad operativa inmediata.,(InputA/InputB),<0.25,70,85,95,100,"[{id:'inputA',label:'Horas totales de espera acumuladas'},{id:'inputB',label:'Horas totales del ciclo completo'}]",Horas totales de espera,Horas totales del ciclo,Horas de espera post,Horas de ciclo post,Δ ratio de espera,Reducción real del tiempo muerto en el flujo.,Aceleración inmediata del ciclo sin contratar.,Mapeo de Esperas,Identifica dónde se acumulan colas aprobaciones y bloqueos.,Protocolo de Eliminación de Esperas,Visualiza dónde se detiene el flujo.,"Taller de carpintería: pedidos tardaban 9 días pero solo 2 eran de trabajo real. Tras eliminar esperas, bajan a 4 días totales",turquesa,El proceso tiene demasiadas esperas; hay tiempos muertos entre tareas; el flujo operativo no es continuo; las tareas se acumulan en ciertos puntos; no existe un estándar de flujo; el equipo espera información o aprobaciones; hay cuellos de botella recurrentes; el proceso completo es más lento de lo necesario.,"El flujo operativo presenta múltiples esperas y cuellos de botella, por lo que es necesario priorizar qué eliminar primero para acelerar el proceso.",Impacto vs Esfuerzo,Mapear el flujo operativo; identificar esperas críticas; detectar cuellos de botella; eliminar tiempos muertos; priorizar mejoras de alto impacto; implementar Kaizen operativo; crear tablero Kanban; estandarizar el flujo; revisar dependencias; medir reducción de esperas.,Porque necesitas priorizar qué esperas eliminar primero.,VSM (flujo operativo),Porque necesitas ver dónde se acumulan las esperas.,Kaizen operativo,Porque necesitas reducir tiempos muertos de forma continua.,Kanban,Porque necesitas visualizar y controlar el flujo de trabajo.,OKR tracking,Porque necesitas medir la reducción de tiempos de espera.
UNIDAD DE PROCESOS,Cuando los procesos fallan el tiempo se convierte en un enemigo silencioso Cuellos de botella urgencias constantes y desgaste operativo están ralentizando tu empresa En esta unidad reordenamos y simplificamos tu sistema operativo para devolver fluidez ritmo y control real,Si todo tarda estás perdiendo dinero sin notarlo,12,UNI-S2,Procesos,Colapso de Capacidad,La operativa vive al límite agendas saturadas urgencias constantes y cero margen de maniobra Redistribuimos la carga operativa y rediseñamos la capacidad para recuperar control ritmo y previsibilidad,PIE,Si muchas tareas entran mal definidas tu equipo pierde tiempo aclarando en lugar de avanzar Esto colapsa la capacidad sin que se vea a simple vista,Introduce el número de tareas que llegan con información incompleta o incorrecta Input A y el número total de tareas recibidas Input B para calcular qué porcentaje de tu trabajo nace defectuoso Este valor revela cuánta capacidad pierdes en aclaraciones y reprocesos,Reducir las entradas defectuosas por debajo del 10 por ciento elimina reprocesos libera horas de ejecución y aumenta la velocidad operativa sin ampliar el equipo,(InputA/InputB),<0.10,70,85,95,100,[{id:'inputA';label:'Tareas con información incompleta o incorrecta'};{id:'inputB';label:'Tareas totales recibidas'}],Tareas incompletas,Tareas totales,Tareas incompletas post,Tareas totales post,Δ porcentaje de entradas defectuosas,Reducción real de reprocesos y correcciones,Aumento inmediato de velocidad operativa,Filtro de Entrada,Detecta qué tareas llegan mal definidas,Protocolo de Definición Clara,Valida que cada tarea llegue completa,Agencia de diseño 41 por ciento de tareas llegaban incompletas Tras checklist baja a 8 por ciento y reduce tiempos un 37 por ciento,turquesa,La información entra incompleta hay errores frecuentes en la entrada de tareas el equipo pierde tiempo aclarando información no existe un estándar de intake las tareas llegan con datos inconsistentes hay confusión sobre qué se necesita el proceso se colapsa por mala entrada la calidad depende de quién envía la información,El sistema de entrada de tareas es inconsistente y genera colapso operativo por lo que es necesario entender causas internas y externas para rediseñar el intake,DAFO,Identificar debilidades del intake mapear causas de errores de entrada definir información mínima necesaria crear checklist de entrada rediseñar el proceso de intake estandarizar datos obligatorios entrenar al equipo en intake correcto revisar puntos de fallo automatizar validaciones medir reducción de errores de entrada,Porque necesitas entender causas internas y externas del colapso,Ishikawa,Porque necesitas mapear todas las causas de errores de entrada,Rediseño de intake,Porque necesitas transformar cómo entra la información,Checklist de entrada de tareas,Porque necesitas estandarizar qué información mínima debe llegar,OKR tracking,Porque necesitas medir la reducción de errores de entrada
UNIDAD DE PROCESOS,Cuando los procesos fallan el tiempo se convierte en un enemigo silencioso Cuellos de botella urgencias constantes y desgaste operativo están ralentizando tu empresa En esta unidad reordenamos y simplificamos tu sistema operativo para devolver fluidez ritmo y control real,Si todo tarda estás perdiendo dinero sin notarlo,13,UNI-S3,Procesos,Fuga de Calidad Crónica,Los errores se repiten los retrabajos consumen tiempo y la experiencia del cliente se deteriora Definimos estándares claros cerramos brechas de ejecución y diseñamos un sistema que entrega bien a la primera,PIE,Si una parte importante de tus entregas requiere correcciones estás regalando horas y margen en retrabajos Esto deteriora la experiencia del cliente y consume capacidad crítica,Introduce el número de entregas que han requerido correcciones o retrabajo Input A y el número total de entregas Input B para calcular qué porcentaje de tu trabajo no sale bien a la primera Este valor revela cuántas horas estás perdiendo en retrabajo,Mantener el retrabajo por debajo del 5 por ciento libera horas críticas aumenta la capacidad operativa y mejora la percepción de calidad del cliente,(InputA/InputB),<0.05,70,85,95,100,[{id:'inputA';label:'Entregas con correcciones o retrabajo'};{id:'inputB';label:'Entregas totales'}],Entregas con correcciones,Entregas totales,Correcciones post,Entregas totales post,Δ porcentaje de retrabajo,Reducción real de retrabajo y correcciones,Aumento inmediato de capacidad sin contratar,Diagnóstico de Calidad,Identifica dónde se producen errores y retrabajos,Protocolo de Entrega Perfecta,Valida entregas antes de llegar al cliente,Estudio de arquitectura 27 por ciento de entregas requerían correcciones Tras protocolo baja a 6 por ciento y libera 42 horas al mes,turquesa,Se repiten defectos en las entregas hay demasiado retrabajo no existe un control de calidad consistente el equipo corrige errores en lugar de prevenirlos no se llega a la causa raíz la calidad depende de la persona no hay estándares claros el retrabajo consume demasiados recursos,Los fallos repetidos generan retrabajo y riesgo operativo por lo que es necesario identificar qué errores son críticos y eliminarlos desde la causa raíz,Análisis de riesgos,Identificar errores críticos analizar causas raíz crear plan de calidad continua definir estándares de calidad crear checklist de control documentar errores y soluciones revisar procesos críticos implementar controles preventivos entrenar al equipo en calidad medir reducción de retrabajo,Porque necesitas identificar qué fallos generan más retrabajo,5 Porqués,Porque necesitas llegar a la causa raíz de los defectos,Plan de calidad continua,Porque necesitas estabilizar la calidad y reducir retrabajo,Checklist de control de calidad,Porque necesitas asegurar que cada entrega cumple estándar,OKR tracking,Porque necesitas medir la reducción del retrabajo
CARDIOLOGIA COMERCIAL,El corazón comercial de tu empresa late más lento de lo que debería Mensajes confusos propuestas débiles y oportunidades que se enfrían Aquí reactivamos tu pulso comercial para que tu comunicación vuelva a generar confianza ventas y crecimiento,Si no conviertes no creces,20,CARDIO-S1,Comercial,Déficit de Demanda,Tu motor comercial no genera suficientes oportunidades para sostener crecimiento Necesitas un sistema estable de generación de demanda no golpes de suerte,PIE,Si no generas suficientes oportunidades cada mes tu crecimiento depende del azar Vamos a medirlo con dos datos Input A son las oportunidades generadas este mes e Input B son las oportunidades necesarias para cumplir tu objetivo mensual,Introduce oportunidades generadas y oportunidades necesarias para saber si tu motor comercial tiene fuerza real,Un motor comercial sano genera al menos el 80 por ciento de las oportunidades necesarias para cumplir objetivo mensual,(InputA/InputB),>0.80,70,85,95,100,[{id:'inputA';label:'Oportunidades generadas este mes'};{id:'inputB';label:'Oportunidades necesarias para objetivo mensual'}],Oportunidades generadas,Oportunidades necesarias,Oportunidades generadas post,Oportunidades necesarias post,Δ ratio de demanda,Aumento real de oportunidades comerciales,Activación inmediata del motor comercial,Diagnóstico de Demanda,Detecta si tu motor comercial genera oportunidades suficientes,Protocolo de Activación de Canales,Activa el canal dominante de captación,Estudio de nutrición 11 oportunidades generadas necesitaba 20 Tras activar canal dominante genera 18 y duplica cierres,rojo,Falta de oportunidades comerciales motor débil dependencia de recomendaciones ausencia de canal dominante captación irregular crecimiento impredecible ventas insuficientes falta de visibilidad falta de tráfico,No hay suficiente demanda para sostener crecimiento necesitas medir brecha real,Impacto vs Esfuerzo,Listar canales activos medir rendimiento identificar canal dominante eliminar canales muertos priorizar canal con mayor retorno definir objetivo de oportunidades activar cadencia de captación documentar resultados,Porque necesitas priorizar qué canal activar primero,Mapa de Canales,Porque necesitas ver qué canal genera oportunidades reales,Activación Comercial,Porque necesitas encender el motor de demanda,Cadencia de Prospección,Porque necesitas constancia semanal,OKR tracking,Porque necesitas medir oportunidades generadas
CARDIOLOGIA COMERCIAL,El corazón comercial de tu empresa late más lento de lo que debería Mensajes confusos propuestas débiles y oportunidades que se enfrían Aquí reactivamos tu pulso comercial para que tu comunicación vuelva a generar confianza ventas y crecimiento,Si no conviertes no creces,21,CARDIO-S2,Comercial,Pipeline Anémico,Tu pipeline no tiene volumen ni etapas claras No puedes prever ventas ni controlar avance comercial,PIE,Si no sabes cuántas ventas cerrarás este mes tu pipeline está anémico Vamos a medirlo con dos datos Input A es el valor total del pipeline e Input B es tu objetivo mensual,Introduce valor del pipeline y objetivo mensual para saber si tu sistema comercial tiene fuerza real,Un pipeline sano debe tener al menos 3 veces el objetivo mensual para garantizar previsión y estabilidad,(InputA/InputB),>3,70,85,95,100,[{id:'inputA';label:'Valor total del pipeline'};{id:'inputB';label:'Objetivo mensual de ventas'}],Valor pipeline,Objetivo mensual,Pipeline post,Objetivo post,Δ fuerza pipeline,Aumento real de previsión comercial,Estabilidad inmediata del sistema de ventas,Diagnóstico de Pipeline,Detecta fugas y etapas vacías,Protocolo de Etapas Claras,Define criterios y avance comercial,Agencia de marketing pipeline 8k objetivo 5k Tras rediseño pipeline sube a 18k y estabiliza cierres,rojo,Pipeline vacío etapas sin definir falta de previsión fugas comerciales seguimiento débil oportunidades estancadas ventas impredecibles falta de cadencia,El pipeline no sostiene ventas necesitas medir fuerza real,Impacto vs Esfuerzo,Listar etapas definir criterios revisar ratios detectar fugas priorizar etapas críticas crear cadencia de seguimiento documentar avance,Porque necesitas priorizar qué etapa corregir primero,Mapa de Pipeline,Porque necesitas ver dónde se estanca la venta,Optimización de Etapas,Porque necesitas mejorar avance comercial,Cadencia de Seguimiento,Porque necesitas constancia semanal,OKR tracking,Porque necesitas medir fuerza del pipeline
CARDIOLOGIA COMERCIAL,El corazón comercial de tu empresa late más lento de lo que debería Mensajes confusos propuestas débiles y oportunidades que se enfrían Aquí reactivamos tu pulso comercial para que tu comunicación vuelva a generar confianza ventas y crecimiento,Si no conviertes no creces,22,CARDIO-S5,Comercial,Síndrome de Oferta Difusa,Tu oferta existe pero no se entiende El cliente no sabe qué elegir ni por qué,PIE,Si tu oferta no se entiende tus ventas dependen de golpes de suerte Vamos a medirlo con dos datos Input A son las ventas repetibles e Input B son las ventas totales,Introduce ventas repetibles y ventas totales para saber si tu sistema comercial es predecible,Un sistema comercial sano tiene al menos 60 por ciento de ventas repetibles,(InputA/InputB),>0.60,70,85,95,100,[{id:'inputA';label:'Ventas repetibles'};{id:'inputB';label:'Ventas totales'}],Ventas repetibles,Ventas totales,Ventas repetibles post,Ventas totales post,Δ repetibilidad,Aumento real de ventas predecibles,Reducción inmediata de volatilidad comercial,Diagnóstico de Previsibilidad,Detecta cuánto dependes de ventas aleatorias,Protocolo de Oferta Clara,Define oferta núcleo y mensaje único,Estudio de fotografía 72 por ciento ventas aleatorias Tras oferta clara 58 por ciento pasan a ser repetibles,rojo,Oferta confusa variantes excesivas dificultad de explicación venta no repetible personalización excesiva falta de estándar escalabilidad limitada núcleo indefinido,La oferta no es clara necesitas definir núcleo,Impacto vs Esfuerzo,Listar ofertas identificar núcleo eliminar variantes estandarizar entregables crear argumentario reducir personalización documentar límites,Porque necesitas priorizar qué ofertas estandarizar,VSM comercial,Porque necesitas ver cómo fluye la venta repetible,Definición de oferta núcleo,Porque necesitas crear claridad comercial,Checklist de entrega estándar,Porque necesitas consistencia,OKR tracking,Porque necesitas medir repetibilidad
CARDIOLOGIA COMERCIAL,El corazón comercial de tu empresa late más lento de lo que debería Mensajes confusos propuestas débiles y oportunidades que se enfrían Aquí reactivamos tu pulso comercial para que tu comunicación vuelva a generar confianza ventas y crecimiento,Si no conviertes no creces,24,CARDIO-S4,Comercial,Dependencia Crítica de Clientes,Una parte desproporcionada del negocio depende de pocos clientes si uno se va el impacto es inmediato,PIE,Si una parte grande de tu facturación depende de pocos clientes tu negocio es vulnerable Vamos a medirlo con dos datos Input A es la facturación top 3 e Input B es la facturación total,Introduce facturación top 3 y facturación total para saber tu nivel de riesgo,Reducir dependencia por debajo del 40 por ciento estabiliza cartera y minimiza riesgo,(InputA/InputB),<0.40,70,85,95,100,[{id:'inputA';label:'Facturación top 3 clientes'};{id:'inputB';label:'Facturación total'}],Facturación top 3,Facturación total,Facturación top 3 post,Facturación total post,Δ dependencia,Reducción real del riesgo comercial,Recuperación inmediata de clientes dormidos,Diagnóstico de Concentración,Detecta cuánto dependes de pocos clientes,Protocolo de Reactivación,Recupera clientes dormidos,Consultoría B2B 61 por ciento dependía de 2 clientes Tras reactivación baja a 37 por ciento,rojo,Dependencia de clientes riesgo de concentración falta de diversificación ausencia de escenarios estrategia reactiva falta de plan B riesgo no cuantificado estabilidad frágil,Dependes demasiado de pocos clientes necesitas medir riesgo,Árbol de decisiones,Identificar clientes clave simular pérdidas definir escenarios diseñar alternativas establecer límites priorizar captación crear contingencia revisar contratos documentar decisiones,Porque necesitas evaluar escenarios,Análisis causa efecto,Porque necesitas entender origen de dependencia,Estrategia de diversificación,Porque necesitas redistribuir riesgo,Checklist de gestión de cartera,Porque necesitas seguimiento equilibrado,OKR tracking,Porque necesitas medir reducción de dependencia
CARDIOLOGIA COMERCIAL,El corazón comercial de tu empresa late más lento de lo que debería Mensajes confusos propuestas débiles y oportunidades que se enfrían Aquí reactivamos tu pulso comercial para que tu comunicación vuelva a generar confianza ventas y crecimiento,Si no conviertes no creces,23,CARDIO-S3,Comercial,Arritmia Comercial,Tus ventas laten sin ritmo meses fuertes meses débiles sin patrón estable,PIE,Si la mayoría de tus contactos no son oportunidades reales estás dedicando tiempo a ruido comercial Vamos a medirlo con dos datos Input A son los contactos totales e Input B son las oportunidades calificadas,Introduce contactos totales y oportunidades calificadas para saber si tu sistema comercial filtra bien,Un sistema comercial sano convierte al menos el 30 por ciento de contactos en oportunidades reales,(InputA/InputB),>0.30,70,85,95,100,[{id:'inputA';label:'Contactos totales'};{id:'inputB';label:'Oportunidades calificadas'}],Contactos totales,Oportunidades calificadas,Oportunidades post,Contactos post,Δ ratio de calificación,Reducción real del ruido comercial,Aumento inmediato de precisión comercial,Diagnóstico de Ruido Comercial,Detecta qué parte de tus contactos no son compradores reales,Protocolo de Calificación,Filtra contactos no válidos,Academia de idiomas 312 contactos solo 41 reales Tras calificación suben a 96 oportunidades,rojo,Demasiados leads no reales ruido comercial falta de foco peticiones de bajo valor falta de filtro dispersión actividad sin progreso,Mucho ruido necesitas filtrar,Regla 5 25,Listar oportunidades identificar 5 por ciento clave eliminar zombis definir criterios reasignar tiempo documentar descartes,Porque necesitas eliminar ruido,SIPOC comercial,Porque necesitas entender origen del lead,Optimización del funnel,Porque necesitas mejorar conversión,Checklist de calificación,Porque necesitas estandarizar validación,OKR tracking,Porque necesitas medir leads calificados
NEUROLOGIA ESTRATEGICA,Aquí llegan empresas que saben que pueden rendir más pero aún no lo hacen Falta foco claridad y dirección En esta unidad ordenamos la mente estratégica del negocio para activar decisiones rentables y sostenibles,Sin dirección clara cualquier esfuerzo se diluye,33,NEURO-S1,Estrategia,Amnesia Estratégica,El equipo trabaja pero sin una dirección compartida La visión se diluye y el esfuerzo se dispersa Reconstruimos foco alineación y narrativa estratégica para que todos avancen en la misma dirección,PIE,Si tu equipo no puede explicar los objetivos estratégicos tu negocio avanza sin dirección Vamos a medirlo con dos datos Input A es el número de personas que pueden explicar correctamente los objetivos e Input B es el número total de personas del equipo,Introduce personas alineadas y personas totales para saber tu nivel real de claridad estratégica,Un negocio sano tiene al menos 80 por ciento del equipo alineado con los objetivos,(InputA/InputB),>0.80,70,85,95,100,[{id:'inputA';label:'Personas alineadas con objetivos'};{id:'inputB';label:'Personas totales del equipo'}],Personas alineadas,Personas totales,Personas alineadas post,Personas totales post,Δ alineación,Aumento real de claridad estratégica,Incremento inmediato de cohesión y velocidad,Diagnóstico de Alineación,Detecta cuánto sabe realmente el equipo sobre la dirección del negocio,Protocolo de Visión Compartida,Reconstruye narrativa y foco estratégico,Empresa de reformas solo 27 por ciento del equipo conocía los objetivos Tras protocolo sube a 82 por ciento,azul,Estrategia difusa equipo desalineado prioridades cambiantes fortalezas infrautilizadas amenazas no mapeadas visión desconectada objetivos genéricos falta de marco,El equipo no comparte dirección necesitas medir claridad,Impacto vs Esfuerzo,Listar objetivos validar comprensión detectar brechas reconstruir narrativa definir prioridades comunicar visión revisar alineación semanal,Porque necesitas priorizar qué brechas cerrar,Mapa Estratégico,Porque necesitas visualizar dirección,Definición de Objetivos,Porque necesitas claridad operativa,Rituales de Alineación,Porque necesitas sostener foco,OKR tracking,Porque necesitas medir alineación real
NEUROLOGIA ESTRATEGICA,Aquí llegan empresas que saben que pueden rendir más pero aún no lo hacen Falta foco claridad y dirección En esta unidad ordenamos la mente estratégica del negocio para activar decisiones rentables y sostenibles,Sin dirección clara cualquier esfuerzo se diluye,34,NEURO-S2,Estrategia,Dispersión Directiva,Demasiadas iniciativas abiertas poca tracción real La energía se reparte en exceso y el avance se diluye Identificamos qué detener qué priorizar y dónde concentrar esfuerzo para mover resultados,PIE,Si dedicas muy poco tiempo a estrategia tu negocio vive en urgencias Vamos a medirlo con dos datos Input A son las horas estratégicas reales de la semana e Input B son las horas totales trabajadas,Introduce horas estratégicas y horas totales para saber si tu agenda sostiene crecimiento,Un negocio sano dedica al menos 20 por ciento del tiempo semanal a estrategia,(InputA/InputB),>0.20,70,85,95,100,[{id:'inputA';label:'Horas estratégicas semanales'};{id:'inputB';label:'Horas totales semanales'}],Horas estratégicas,Horas totales,Horas estratégicas post,Horas totales post,Δ tiempo estratégico,Aumento real de tiempo estratégico,Reducción inmediata de urgencias,Diagnóstico de Uso del Tiempo,Detecta cuánto tiempo se pierde en tareas operativas,Protocolo de Recuperación de Tiempo,Recupera foco y elimina urgencias,Clínica privada dueño dedicaba 6 por ciento a estrategia Tras protocolo sube a 24 por ciento,azul,Exceso de urgencias estrategia postergada falta de tiempo protegido prioridades por presión mezcla de tareas foco inestable sin agenda estratégica sin trabajo profundo,No hay foco estratégico necesitas medir tiempo real,Urgente vs Importante,Listar tareas clasificar eliminar urgencias bloquear tiempo definir prioridades delegar revisar semanalmente proteger foco reducir interrupciones,Porque necesitas separar urgente de importante,Mapa de Prioridades,Porque necesitas ver qué mueve resultados,Definición de Agenda Estratégica,Porque necesitas sostener foco,Rituales de Revisión,Porque necesitas mantener dirección,OKR tracking,Porque necesitas medir tiempo estratégico real
NEUROLOGIA ESTRATEGICA,Aquí llegan empresas que saben que pueden rendir más pero aún no lo hacen Falta foco claridad y dirección En esta unidad ordenamos la mente estratégica del negocio para activar decisiones rentables y sostenibles,Sin dirección clara cualquier esfuerzo se diluye,35,NEURO-S3,Estrategia,Síndrome de Decisión Reactiva,Las decisiones se toman sobre la marcha sin criterios estables Eso genera errores repetidos desgaste y complejidad Sustituimos improvisación por sistema sin añadir burocracia,PIE,Si la mayoría de tus decisiones se escalan al dueño tu negocio decide por urgencia no por criterio Vamos a medirlo con dos datos Input A son las decisiones tomadas según criterios definidos e Input B son las decisiones totales del mes,Introduce decisiones con criterio y decisiones totales para saber si tu negocio decide con sistema,Un negocio sano toma al menos 60 por ciento de decisiones según criterios definidos,(InputA/InputB),>0.60,70,85,95,100,[{id:'inputA';label:'Decisiones con criterio definido'};{id:'inputB';label:'Decisiones totales del mes'}],Decisiones con criterio,Decisiones totales,Decisiones con criterio post,Decisiones totales post,Δ decisiones estratégicas,Aumento real de decisiones correctas,Reducción inmediata de desgaste operativo,Diagnóstico de Portafolio,Detecta qué decisiones siguen criterio y cuáles no,Protocolo de Simplificación,Define criterios y elimina improvisación,Agencia de marketing solo 38 por ciento decisiones con criterio Tras protocolo sube a 67 por ciento,azul,Productos dudosos decisiones difíciles portafolio amplio consumo de recursos criterios poco claros inercia falta de análisis margen no optimizado,Las decisiones no siguen criterio necesitas medirlo,Árbol de Decisiones,Calcular criterios simular escenarios definir límites priorizar líneas eliminar tóxicas comunicar cambios ajustar recursos revisar trimestralmente,Porque necesitas comparar escenarios,Análisis causa efecto,Porque necesitas entender origen de errores,Rediseño de Criterios,Porque necesitas decidir sin improvisar,Checklist de Decisión,Porque necesitas ejecutar sin dudar,OKR tracking,Porque necesitas medir decisiones con criterio
GESTION CLINICA,Hay empresas que funcionan pero a costa de demasiado esfuerzo Sistemas forzados personas agotadas y estructuras al limite Aqui rehabilitamos la organizacion para que avance con orden gobernanza y estabilidad real,Funcionar no es lo mismo que sostenerse,41,CLI-S1,Gestion,Ceguera de Control,La empresa avanza pero sin visibilidad real Cierres lentos indicadores inutiles y decisiones basadas en intuicion en lugar de datos Rehabilitamos el sistema de control para que la direccion tenga informacion fresca y fiable,PIE,Si tardas demasiado en cerrar el mes tus decisiones se basan en datos viejos Vamos a medirlo con dos datos Input A son los dias reales de cierre mensual e Input B son los dias objetivo de cierre,Introduce dias de cierre y dias objetivo para saber si tu sistema de control sostiene decisiones,Un negocio sano cierra el mes en menos de 7 dias,(InputA/InputB),<1,70,85,95,100,[{id:'inputA';label:'Dias de cierre real'};{id:'inputB';label:'Dias objetivo de cierre'}],Dias de cierre real,Dias objetivo,Dias de cierre post,Dias objetivo post,Δ dias de cierre,Reduccion real del tiempo de cierre,Aceleracion inmediata de decisiones,Diagnostico de Cierre,Detecta cuellos de botella del cierre mensual,Protocolo de Cierre Clinico,Estandariza y acelera el cierre,Despacho profesional cierre en 19 dias Tras protocolo baja a 6 dias,gris oscuro,Cierre lento datos viejos errores repetidos tareas manuales falta de estandar dependencias ocultas cuellos de botella falta de visibilidad,Tu cierre mensual es lento necesitas medirlo,Impacto vs Esfuerzo,Mapear cierre detectar bloqueos estandarizar pasos eliminar tareas manuales crear checklist revisar dependencias documentar flujo,Porque necesitas priorizar bloqueos del cierre,VSM financiero,Porque necesitas ver el flujo completo,Kaizen administrativo,Porque necesitas reducir tiempos muertos,Checklist de cierre,Porque necesitas estandarizar,OKR tracking,Porque necesitas medir velocidad de cierre
GESTION CLINICA,Hay empresas que funcionan pero a costa de demasiado esfuerzo Sistemas forzados personas agotadas y estructuras al limite Aqui rehabilitamos la organizacion para que avance con orden gobernanza y estabilidad real,Funcionar no es lo mismo que sostenerse,42,CLI-S2,Gestion,Riesgo de Cumplimiento,Las obligaciones fiscales laborales y administrativas estan cogidas con pinzas Retrasos multas y estres constante Rehabilitamos el sistema de cumplimiento para eliminar riesgo y recuperar estabilidad,PIE,Si incumples obligaciones tu negocio asume riesgo legal innecesario Vamos a medirlo con dos datos Input A son las obligaciones cumplidas a tiempo e Input B las obligaciones totales,Introduce obligaciones cumplidas y totales para saber tu nivel real de cumplimiento,Un negocio sano cumple el 100 por ciento de sus obligaciones en plazo,(InputA/InputB),1,70,85,95,100,[{id:'inputA';label:'Obligaciones cumplidas a tiempo'};{id:'inputB';label:'Obligaciones totales'}],Obligaciones cumplidas,Obligaciones totales,Obligaciones cumplidas post,Obligaciones totales post,Δ cumplimiento,Aumento real del cumplimiento,Eliminacion inmediata de riesgo legal,Diagnostico de Cumplimiento,Detecta que obligaciones se retrasan y por que,Protocolo de Cumplimiento Total,Controla fechas criticas y responsables,Asesoria 83 por ciento de cumplimiento Tras protocolo sube a 100 por ciento,gris oscuro,Retrasos obligaciones desconocidas falta de calendario tareas manuales errores recurrentes falta de trazabilidad riesgo de sanciones,Tu cumplimiento es fragil necesitas medirlo,Analisis de Riesgos,Identificar obligaciones criticas mapear flujo detectar retrasos crear calendario definir responsables documentar procesos crear checklist automatizar recordatorios revisar mensualmente,Porque necesitas identificar riesgos,SIPOC administrativo,Porque necesitas ver el flujo completo,Plan de Cumplimiento,Porque necesitas asegurar plazos,Checklist de obligaciones,Porque necesitas ejecutar sin fallos,OKR tracking,Porque necesitas medir cumplimiento mensual
GESTION CLINICA,Hay empresas que funcionan pero a costa de demasiado esfuerzo Sistemas forzados personas agotadas y estructuras al limite Aqui rehabilitamos la organizacion para que avance con orden gobernanza y estabilidad real,Funcionar no es lo mismo que sostenerse,43,CLI-S3,Gestion,Fragilidad de Roles y Responsabilidades,Las tareas caen entre sillas el dueño absorbe todo y nadie sabe quien es responsable de que Rehabilitamos la estructura de roles para crear claridad estabilidad y sostenibilidad,PIE,Si las decisiones y tareas vuelven siempre al dueño tu sistema de roles es fragil Vamos a medirlo con dos datos Input A son las tareas escaladas al dueño e Input B las tareas totales del mes,Introduce tareas escaladas y tareas totales para saber cuanta dependencia existe,Un negocio sano tiene menos del 20 por ciento de tareas escaladas al dueño,(InputA/InputB),<0.20,70,85,95,100,[{id:'inputA';label:'Tareas escaladas al dueño'};{id:'inputB';label:'Tareas totales del mes'}],Tareas escaladas,Tareas totales,Tareas escaladas post,Tareas totales post,Δ dependencia,Reduccion real de dependencia del dueño,Aumento inmediato de estabilidad operativa,Diagnostico de Roles,Detecta huecos y duplicidades,Protocolo de Roles Claros,Define responsabilidades y elimina ambiguedad,Empresa de servicios 47 por ciento tareas escaladas Tras protocolo baja a 14 por ciento,gris oscuro,Roles difusos duplicidades huecos dependencias ocultas dueño saturado conflictos suaves friccion interna tareas sin responsable,Tus roles son fragiles necesitas medir dependencia,Impacto vs Esfuerzo,Listar tareas asignar responsables eliminar duplicidades definir limites crear matriz RACI documentar roles revisar semanalmente,Porque necesitas priorizar huecos de responsabilidad,Mapa de Responsabilidades,Porque necesitas visualizar quien hace que,Definicion de Roles,Porque necesitas claridad interna,Checklist de Roles,Porque necesitas sostener estructura,OKR tracking,Porque necesitas medir dependencia real
CIRUGIA DE MARCA,Hay marcas que existen pero no destacan Identidades que no reflejan el verdadero valor de la empresa Aqui intervenimos la marca con precision quirurgica para elevar posicionamiento coherencia y percepcion,Si no destacas te comparan por precio,51,CIR-S1,Marca,Identidad Competitiva Debil,La identidad visual y narrativa no refleja el valor real del negocio La marca se percibe generica poco profesional o incoherente Rehabilitamos la identidad para que transmita valor desde el primer impacto,PIE,Si tu identidad no refleja tu posicionamiento tu marca pierde valor Vamos a medirlo con dos datos Input A son los elementos de identidad alineados con tu posicionamiento e Input B los elementos totales revisados,Introduce elementos alineados y totales para saber si tu identidad sostiene tu valor,Una marca sana tiene al menos 70 por ciento de identidad alineada con su posicionamiento,(InputA/InputB),>0.70,70,85,95,100,[{id:'inputA';label:'Elementos alineados'};{id:'inputB';label:'Elementos totales'}],Elementos alineados,Elementos totales,Elementos alineados post,Elementos totales post,Δ identidad alineada,Aumento real de percepcion de valor,Incremento inmediato de confianza inicial,Diagnostico de Identidad,Detecta brechas entre identidad y posicionamiento,Protocolo de Identidad Competitiva,Alinea narrativa y estetica con valor real,Estudio creativo identidad alineada 28 por ciento Tras protocolo sube a 79 por ciento,blanco,Identidad debil narrativa difusa incoherencia visual estilo generico baja percepcion de valor primera impresion pobre falta de guia de identidad,Tu identidad no refleja tu valor necesitas medir alineacion,Impacto vs Esfuerzo,Auditar identidad definir narrativa corregir incoherencias actualizar piezas criticas crear sistema visual documentar guia revisar puntos de contacto,Porque necesitas priorizar elementos criticos,Mapa de Identidad,Porque necesitas visualizar tu esencia,Definicion de Narrativa,Porque necesitas fijar tu mensaje,Checklist de identidad,Porque necesitas asegurar consistencia,OKR tracking,Porque necesitas medir identidad real
CIRUGIA DE MARCA,Hay marcas que existen pero no destacan Identidades que no reflejan el verdadero valor de la empresa Aqui intervenimos la marca con precision quirurgica para elevar posicionamiento coherencia y percepcion,Si no destacas te comparan por precio,52,CIR-S2,Marca,Propuesta Unica Difusa,La marca no comunica un valor unico claro El cliente no entiende por que elegirte a ti y no a otro Definimos tu propuesta unica para ocupar un territorio propio y defendible,PIE,Si tu propuesta unica no es clara tu marca se vuelve sustituible Vamos a medirlo con dos datos Input A son los atributos diferenciales definidos e Input B los atributos totales analizados,Introduce atributos diferenciales y totales para saber si tu propuesta unica es solida,Una marca sana tiene al menos 60 por ciento de atributos claramente diferenciales,(InputA/InputB),>0.60,70,85,95,100,[{id:'inputA';label:'Atributos diferenciales'};{id:'inputB';label:'Atributos totales'}],Atributos diferenciales,Atributos totales,Atributos diferenciales post,Atributos totales post,Δ diferenciacion,Aumento real de claridad de posicionamiento,Incremento inmediato de valor percibido,Diagnostico de Diferenciacion,Detecta si tu propuesta unica es clara y defendible,Protocolo de Propuesta Unica,Define territorio valor y mensaje unico,Consultora atributos diferenciales 22 por ciento Tras protocolo sube a 67 por ciento,blanco,Propuesta generica mensajes comunes falta de territorio propio valor poco claro marca sustituible narrativa sin enfoque baja diferenciacion,Tu propuesta unica es difusa necesitas medir diferenciacion,Impacto vs Esfuerzo,Auditar competencia mapear atributos definir territorio sintetizar propuesta crear mensaje unico documentar pilares revisar narrativa,Porque necesitas priorizar atributos diferenciales,Mapa de Territorio,Porque necesitas visualizar tu espacio competitivo,Definicion de Propuesta Unica,Porque necesitas fijar tu diferencia,Checklist de diferenciacion,Porque necesitas asegurar claridad,OKR tracking,Porque necesitas medir diferenciacion real
CIRUGIA DE MARCA,Hay marcas que existen pero no destacan Identidades que no reflejan el verdadero valor de la empresa Aqui intervenimos la marca con precision quirurgica para elevar posicionamiento coherencia y percepcion,Si no destacas te comparan por precio,53,CIR-S3,Marca,Comunicacion de Marca Inconsistente,La marca no se expresa de forma clara constante ni reconocible Cada canal dice algo distinto y el mensaje pierde fuerza Unificamos tono mensajes y expresion diaria para que la marca se sienta solida y coherente,PIE,Si tu mensaje cambia segun quien comunica tu marca pierde fuerza Vamos a medirlo con dos datos Input A son los mensajes alineados con la identidad e Input B los mensajes totales revisados,Introduce mensajes alineados y totales para saber si tu comunicacion sostiene tu marca,Una marca sana mantiene al menos 75 por ciento de mensajes alineados con su identidad,(InputA/InputB),>0.75,70,85,95,100,[{id:'inputA';label:'Mensajes alineados'};{id:'inputB';label:'Mensajes totales'}],Mensajes alineados,Mensajes totales,Mensajes alineados post,Mensajes totales post,Δ coherencia comunicativa,Aumento real de claridad de marca,Incremento inmediato de reconocimiento,Diagnostico de Mensaje,Detecta incoherencias en la expresion diaria,Protocolo de Comunicacion Unificada,Define tono mensajes y expresion por canal,Consultora mensajes alineados 32 por ciento Tras protocolo sube a 81 por ciento,blanco,Mensajes contradictorios tono cambiante expresion desigual narrativa inconsistente equipo comunicando distinto perdida de reconocimiento falta de guia de comunicacion,Tu comunicacion es inconsistente necesitas medir alineacion,Impacto vs Esfuerzo,Auditar mensajes definir tono crear guias unificar expresion corregir incoherencias entrenar equipo revisar piezas criticas documentar estandares,Porque necesitas priorizar mensajes criticos,Mapa de Mensajes,Porque necesitas visualizar como hablas,Definicion de Tono,Porque necesitas fijar expresion,Checklist de comunicacion,Porque necesitas asegurar consistencia,OKR tracking,Porque necesitas medir coherencia comunicativa
PSIQUIATRIA ORGANIZACIONAL,Empresas que respiran tension sin decirlo en voz alta Conflictos latentes desgaste emocional y clima deteriorado Aqui restauramos equilibrio cohesion y salud mental organizacional antes de que el impacto sea irreversible,La tension interna siempre termina saliendo,61,PSI-S1,Organizacional,Sobrecarga Emocional Operativa,El equipo vive en alerta constante urgencias falsas y tension acumulada Esto genera dias perdidos saturacion mental y clima crispado Reducimos hiperactivacion y restauramos estabilidad emocional diaria,PIE,Si demasiados dias del mes se viven con tension alta el sistema nervioso organizacional se agota Vamos a medirlo con dos datos Input A son los dias con tension alta percibida e Input B los dias totales del periodo,Introduce dias con tension y dias totales para saber cuanto estas perdiendo por saturacion emocional,Una organizacion sana tiene menos del 30 por ciento de dias con tension alta,(InputA/InputB),<0.30,70,85,95,100,[{id:'inputA';label:'Dias con tension alta'};{id:'inputB';label:'Dias totales'}],Dias con tension,Dias totales,Dias con tension post,Dias totales post,Δ tension,Reduccion real de dias perdidos,Incremento inmediato de estabilidad emocional,Diagnostico de Tension,Detecta patrones de hiperactivacion emocional,Protocolo de Regulacion Emocional,Reduce ruido urgencias falsas y saturacion,Despacho profesional 47 por ciento dias con tension Tras protocolo baja a 19 por ciento,rojo,Urgencias falsas ruido emocional saturacion mental irritabilidad clima crispado decisiones impulsivas falta de regulacion emocional dias improductivos,Tu sistema emocional esta saturado necesitas medir tension,Impacto vs Esfuerzo,Listar detonantes emocionales clasificar urgencias falsas crear rituales de calma proteger bloques sin tension revisar carga emocional documentar limites redefinir ritmos,Porque necesitas identificar detonantes de tension,Mapa de Tension,Porque necesitas visualizar picos emocionales,Regulacion emocional,Porque necesitas bajar hiperactivacion,Checklist emocional,Porque necesitas asegurar estabilidad,OKR tracking,Porque necesitas medir reduccion de tension
PSIQUIATRIA ORGANIZACIONAL,Empresas que respiran tension sin decirlo en voz alta Conflictos latentes desgaste emocional y clima deteriorado Aqui restauramos equilibrio cohesion y salud mental organizacional antes de que el impacto sea irreversible,La tension interna siempre termina saliendo,62,PSI-S2,Organizacional,Desalineacion de Perfiles,Personas validas estan en roles que no encajan con su perfil Esto genera friccion desgaste y dependencia del dueno Alineamos persona y funcion para recuperar autonomia y estabilidad,PIE,Si demasiadas decisiones escalan al dueno el sistema de roles esta roto Vamos a medirlo con dos datos Input A son las decisiones escaladas e Input B las decisiones totales,Introduce decisiones escaladas y totales para saber cuanta dependencia existe,Una organizacion sana tiene menos del 20 por ciento de decisiones escaladas,(InputA/InputB),<0.20,70,85,95,100,[{id:'inputA';label:'Decisiones escaladas'};{id:'inputB';label:'Decisiones totales'}],Decisiones escaladas,Decisiones totales,Decisiones escaladas post,Decisiones totales post,Δ escalamiento,Reduccion real de dependencia del dueno,Incremento inmediato de autonomia,Diagnostico de Decisiones,Detecta que decisiones escalan y por que,Protocolo de Autonomia,Redistribuye decisiones al nivel correcto,Empresa de logistica 64 por ciento decisiones escaladas Tras protocolo baja a 18 por ciento,rojo,Roles difusos decisiones atascadas dependencia del lider duplicidad de funciones falta de autonomia friccion interna desgaste emocional,Tu sistema de roles esta roto necesitas medir escalamiento,Arbol de decisiones,Mapear decisiones definir autoridad redistribuir carga documentar responsabilidades eliminar escalamiento crear checklist revisar carga por rol,Porque necesitas definir quien decide que,SIPOC de roles,Porque necesitas entender flujo de responsabilidad,Redistribucion de autoridad,Porque necesitas mover decisiones al nivel correcto,Checklist de delegacion,Porque necesitas asegurar autonomia,OKR tracking,Porque necesitas medir reduccion de escalamiento
PSIQUIATRIA ORGANIZACIONAL,Empresas que respiran tension sin decirlo en voz alta Conflictos latentes desgaste emocional y clima deteriorado Aqui restauramos equilibrio cohesion y salud mental organizacional antes de que el impacto sea irreversible,La tension interna siempre termina saliendo,63,PSI-S3,Organizacional,Desconexion Emocional del Equipo,El equipo cumple pero sin energia ni implicacion La motivacion cae en silencio y la pertenencia se erosiona Activamos conexion emocional y recuperamos energia colectiva,PIE,Si el equipo no propone mejoras esta desconectado emocionalmente Vamos a medirlo con dos datos Input A son las iniciativas propuestas e Input B las iniciativas totales posibles,Introduce iniciativas propuestas y totales para saber el nivel real de implicacion,Una organizacion sana genera al menos 30 por ciento de iniciativas desde el equipo,(InputA/InputB),>0.30,70,85,95,100,[{id:'inputA';label:'Iniciativas propuestas'};{id:'inputB';label:'Iniciativas totales posibles'}],Iniciativas propuestas,Iniciativas totales,Iniciativas propuestas post,Iniciativas totales post,Δ implicacion,Aumento real de energia emocional,Incremento inmediato de participacion,Diagnostico de Conexion,Detecta nivel real de implicacion emocional,Protocolo de Reconexion,Activa participacion y pertenencia,Empresa industrial 9 por ciento iniciativas Tras protocolo sube a 34 por ciento,rojo,Apatia baja energia falta de iniciativa clima apagado pertenencia erosionada equipo desconectado motivacion baja,Tu equipo esta desconectado necesitas medir implicacion,Regla 5 25,Mapear momentos de energia identificar frenos emocionales activar rituales de pertenencia crear espacios de voz revisar feedback documentar mejoras,Porque necesitas saber donde se pierde energia,Mapa de Energia,Porque necesitas visualizar picos y valles,Kaizen emocional,Porque necesitas mejorar micro momentos,Checklist de conexion,Porque necesitas asegurar participacion,OKR tracking,Porque necesitas medir implicacion real
RESCATE DE PERSONAS,No estas perdiendo talento Lo estas dejando escapar cada dia sin verlo Personas clave mal ubicadas desgaste silencioso y riesgo real de fuga Aqui intervenimos antes de que eso ocurra diagnostico individual alineacion persona rol con analisis conductual DISC y retencion del talento critico,El talento no avisa cuando se va,71,RES-S1,Personas,Riesgo de Fuga de Talento,El talento critico no se va de un dia para otro Entra en fase de desconexion antes de marcharse Identificamos senales tempranas y actuamos antes de que la fuga sea irreversible,PIE,Si tienes pocos A players el riesgo de fuga es altisimo Vamos a medirlo con dos datos Input A son los empleados A player e Input B los empleados totales,Introduce empleados A player y totales para saber tu nivel real de riesgo,Una empresa sana tiene al menos 20 por ciento de A players,(InputA/InputB),>0.20,70,85,95,100,[{id:'inputA';label:'Empleados A player'};{id:'inputB';label:'Empleados totales'}],Empleados A player,Empleados totales,Empleados A player post,Empleados totales post,Δ A players,Aumento real de talento critico,Incremento inmediato de rendimiento global,Diagnostico de Talento,Identifica cuantos A players tienes realmente,Protocolo de Retencion Critica,Clasifica al equipo por valor aportado,Empresa tecnologica 9 por ciento A players Tras protocolo sube a 23 por ciento,verde,Perfiles criticos en riesgo A players sobrecargados falta de plan de retencion desmotivacion silenciosa senales tempranas de fuga carga desequilibrada falta de seguimiento,Tu empresa tiene perfiles criticos en riesgo necesitas medir talento clave,Analisis de riesgos,Identificar perfiles criticos detectar senales de fuga analizar causas crear plan de retencion equilibrar carga revisar motivadores documentar riesgos,Porque necesitas identificar perfiles vulnerables,5 Porques,Porque necesitas entender por que estan en riesgo,Plan de retencion,Porque necesitas intervenir antes de perder talento,Checklist de gestion de talento,Porque necesitas asegurar acciones consistentes,OKR tracking,Porque necesitas medir estabilidad del talento
RESCATE DE PERSONAS,No estas perdiendo talento Lo estas dejando escapar cada dia sin verlo Personas clave mal ubicadas desgaste silencioso y riesgo real de fuga Aqui intervenimos antes de que eso ocurra diagnostico individual alineacion persona rol con analisis conductual DISC y retencion del talento critico,El talento no avisa cuando se va,72,RES-S2,Personas,Hipoproductividad Sistemica,El sistema tarda demasiado en convertir talento en resultados El onboarding es lento confuso y lleno de friccion Redisenamos la incorporacion para acelerar productividad real,PIE,Si un nuevo empleado tarda demasiado en ser productivo el sistema esta frenando el talento Vamos a medirlo con Input A dias de onboarding actual,Introduce dias de onboarding para saber tu velocidad real de activacion,Una empresa sana activa talento en menos de 30 dias,(InputA),<30,70,85,95,100,[{id:'inputA';label:'Dias de onboarding actual'}],Dias de onboarding actual,—,Dias de onboarding post,—,Δ dias onboarding,Reduccion real del tiempo de aprendizaje,Aceleracion inmediata de productividad,Diagnostico de Onboarding,Identifica cuanto tarda realmente alguien en ser productivo,Protocolo de Onboarding Acelerado,Define pasos claros para nuevos empleados,Clinica dental onboarding 57 dias Tras protocolo baja a 21 dias,verde,Onboarding lento nuevos tardan en rendir proceso confuso experiencia inicial inconsistente tareas duplicadas falta de estandar curva de aprendizaje larga,Tu onboarding es lento necesitas medir tiempo hasta productividad,Impacto vs Esfuerzo,Mapear onboarding identificar pasos criticos crear proceso estandar eliminar duplicados disenar materiales definir checklist automatizar pasos establecer responsables medir incorporacion,Porque necesitas priorizar mejoras criticas,SIPOC de onboarding,Porque necesitas entender el flujo completo,Optimizacion del onboarding,Porque necesitas reducir tiempo hasta productividad,Checklist de onboarding,Porque necesitas asegurar consistencia,OKR tracking,Porque necesitas medir reduccion del tiempo de productividad
RESCATE DE PERSONAS,No estas perdiendo talento Lo estas dejando escapar cada dia sin verlo Personas clave mal ubicadas desgaste silencioso y riesgo real de fuga Aqui intervenimos antes de que eso ocurra diagnostico individual alineacion persona rol con analisis conductual DISC y retencion del talento critico,El talento no avisa cuando se va,73,RES-S3,Personas,Tension de Equipo,Tensiones silencios y conflictos no expresados contaminan el dia a dia El riesgo operativo aumenta si demasiadas tareas dependen de una sola persona Redistribuimos carga y creamos resiliencia,PIE,Si demasiadas tareas criticas dependen de una sola persona el riesgo operativo es altisimo Vamos a medirlo con Input A tareas criticas dependientes e Input B tareas criticas totales,Introduce tareas dependientes y totales para saber tu nivel real de riesgo,Una empresa sana tiene menos del 20 por ciento de dependencia individual,(InputA/InputB),<0.20,70,85,95,100,[{id:'inputA';label:'Tareas criticas dependientes'};{id:'inputB';label:'Tareas criticas totales'}],Tareas criticas dependientes,Tareas criticas totales,Tareas dependientes post,Tareas criticas totales post,Δ dependencia,Aumento real de resiliencia operativa,Eliminacion inmediata de riesgo por dependencia,Diagnostico de Dependencia,Identifica que tareas dependen de una sola persona,Protocolo de Respaldo,Visualiza tareas criticas sin respaldo,Empresa de mantenimiento 47 por ciento dependencia Tras protocolo baja a 18 por ciento,verde,Dependencia de una persona riesgo operativo alto falta de backup carga mal distribuida conocimiento concentrado falta de documentacion parones potenciales,Tu empresa depende demasiado de una persona necesitas medir riesgo,Arbol de decisiones,Identificar tareas criticas mapear dependencias crear escenarios redistribuir roles documentar procesos crear backup definir limites revisar carga,Porque necesitas evaluar escenarios,Analisis causa efecto,Porque necesitas entender por que existe dependencia,Redistribucion de roles,Porque necesitas equilibrar carga,Checklist de roles criticos,Porque necesitas asegurar distribucion correcta,OKR tracking,Porque necesitas medir reduccion de dependencia
TERAPIA DE EXPERIENCIA,Cada interaccion construye o destruye tu reputacion Procesos que no transmiten valor friccion innecesaria y experiencias olvidables Aqui intervenimos para transformar la experiencia en una ventaja competitiva real,Si no te recuerdan te reemplazan,81,TER-S1,Experiencia,Inconsistencia Experiencial,El cliente recibe una experiencia distinta segun quien atiende o el canal usado La experiencia depende del azar y no de un diseño claro Diagnosticamos donde se rompe la coherencia,PIE,Si cada canal entrega una experiencia distinta el cliente no confia Vamos a medirlo con Input A pasos consistentes e Input B pasos totales,Introduce pasos consistentes y totales para saber tu nivel real de coherencia,Una experiencia sana mantiene al menos 80 por ciento de consistencia,(InputA/InputB),>0.80,70,85,95,100,[{id:'inputA';label:'Pasos consistentes'};{id:'inputB';label:'Pasos totales'}],Pasos consistentes,Pasos totales,Pasos consistentes post,Pasos totales post,Δ consistencia,Aumento real de coherencia,Reduccion inmediata de friccion,Diagnostico de Consistencia,Identifica donde cambia la experiencia,Protocolo de Unificacion,Visualiza experiencia completa por canal,Centro estetica 52 por ciento consistencia Tras protocolo sube a 84 por ciento,fucsia,Experiencia variable pasos distintos segun canal falta de estandares micro momentos sin valor equipo improvisa cliente no sabe que esperar,Tu experiencia es inconsistente necesitas medir coherencia,Regla 5 25,Mapear micro momentos identificar puntos criticos eliminar pasos irrelevantes priorizar momentos clave crear estandares documentar experiencia entrenar equipo revisar fricciones medir consistencia,Porque necesitas identificar micro momentos clave,Customer Journey Map,Porque necesitas ver experiencia completa,Kaizen de experiencia,Porque necesitas mejorar puntos criticos,Checklist de experiencia,Porque necesitas asegurar consistencia,OKR tracking,Porque necesitas medir coherencia real
TERAPIA DE EXPERIENCIA,Cada interaccion construye o destruye tu reputacion Procesos que no transmiten valor friccion innecesaria y experiencias olvidables Aqui intervenimos para transformar la experiencia en una ventaja competitiva real,Si no te recuerdan te reemplazan,82,TER-S2,Experiencia,Recuperacion en Caliente Fallida,Clientes molestos no detectados o no recuperados durante el servicio Cada interaccion negativa destruye reputacion Diagnosticamos donde se pierden clientes en caliente,PIE,Si un cliente molesto no se recupera antes de terminar el servicio se convierte en detractor Vamos a medirlo con Input A clientes molestos detectados e Input B clientes recuperados,Introduce clientes molestos detectados y recuperados para saber tu nivel real de recuperacion,Una experiencia sana recupera al menos 60 por ciento de clientes molestos,(InputB/InputA),>0.60,70,85,95,100,[{id:'inputA';label:'Clientes molestos detectados'};{id:'inputB';label:'Clientes recuperados'}],Clientes molestos detectados,Clientes recuperados,Clientes molestos post,Clientes recuperados post,Δ recuperacion,Aumento real de clientes recuperados,Reduccion inmediata de detractores,Diagnostico de Recuperacion,Identifica donde se pierden clientes en caliente,Protocolo de Recuperacion en Caliente,Define pasos para reconducir interacciones negativas,Centro estetica 18 por ciento recuperacion Tras protocolo sube a 67 por ciento,fucsia,Clientes molestos no detectados equipo no identifica senales cliente se desconecta experiencia se rompe reputacion cae no hay protocolo de recuperacion,Tu negocio pierde clientes molestos necesitas medir recuperacion,Impacto vs Esfuerzo,Detectar senales de molestia intervenir rapido reconducir tono reparar percepcion crear protocolo entrenar equipo documentar casos medir recuperacion,Porque necesitas priorizar puntos de recuperacion,Mapa de emociones,Porque necesitas identificar senales de molestia,Tecnicas de reconduccion,Porque necesitas intervenir en caliente,Checklist de recuperacion,Porque necesitas asegurar pasos criticos,OKR tracking,Porque necesitas medir recuperacion real
TERAPIA DE EXPERIENCIA,Cada interaccion construye o destruye tu reputacion Procesos que no transmiten valor friccion innecesaria y experiencias olvidables Aqui intervenimos para transformar la experiencia en una ventaja competitiva real,Si no te recuerdan te reemplazan,83,TER-S3,Experiencia,Bajo Valor Percibido,El cliente recibe el servicio pero no entiende ni siente el valor La experiencia no justifica el precio ni genera diferenciacion Diagnosticamos donde se pierde valor percibido,PIE,Si el cliente no percibe valor te compara solo por precio Vamos a medirlo con Input A interacciones con valor percibido e Input B interacciones totales,Introduce interacciones con valor y totales para saber tu nivel real de valor percibido,Una experiencia sana transmite valor en al menos 70 por ciento de interacciones,(InputA/InputB),>0.70,70,85,95,100,[{id:'inputA';label:'Interacciones con valor percibido'};{id:'inputB';label:'Interacciones totales'}],Interacciones con valor,Interacciones totales,Interacciones con valor post,Interacciones totales post,Δ valor percibido,Aumento real de valor percibido,Reduccion inmediata de comparacion por precio,Diagnostico de Valor,Identifica donde no se transmite valor,Protocolo de Valor Percibido,Redisenar momentos que transmiten valor,Clinica dental 38 por ciento valor percibido Tras protocolo sube a 79 por ciento,fucsia,Cliente no entiende valor experiencia funcional no diferenciada narrativa debil estetica pobre momentos sin impacto precio no justificado,Tu experiencia no transmite valor necesitas medir percepcion,DAFO de valor,Identificar debilidades de valor mapear causas redisenar momentos clave crear narrativa emocional mejorar estetica crear checklist entrenar equipo medir valor,Porque necesitas entender debilidades de valor,Ishikawa,Porque necesitas mapear causas de bajo valor,Rediseno de valor,Porque necesitas crear momentos que transmitan valor,Checklist de valor,Porque necesitas asegurar ejecucion,OKR tracking,Porque necesitas medir aumento de valor percibido
EXCELENCIA OPERATIVA,Esta unidad es para empresas que ya han demostrado que pueden crecer y ahora deben demostrar que pueden mantenerse arriba Aqui consolidamos estandares metricas y sistemas de alto rendimiento sostenido No es mejora es certificacion de nivel,Tu empresa esta lista para consolidar su excelencia operativa,91,OPE-S1,Excelencia,Lentitud de Integracion,Cada nueva incorporacion tarda demasiado en integrarse sin errores Ese tiempo cuesta dinero y calidad Aceleramos la curva de aprendizaje y reducimos fallos desde el primer dia,PIE,Si un nuevo empleado comete demasiados errores en sus primeros dias el sistema no esta preparado para integrarlo Vamos a medirlo con Input A errores de nuevas incorporaciones e Input B errores totales,Introduce errores de nuevas incorporaciones y errores totales para saber tu nivel real de integracion,Una operacion excelente mantiene errores de nuevas incorporaciones por debajo del 10 por ciento,(InputA/InputB),<0.10,70,85,95,100,[{id:'inputA';label:'Errores nuevas incorporaciones'};{id:'inputB';label:'Errores totales'}],Errores nuevas incorporaciones,Errores totales,Errores nuevas incorporaciones post,Errores totales post,Δ errores integracion,Reduccion real de errores iniciales,Aumento inmediato de madurez operativa,Diagnostico de Integracion,Identifica donde fallan las nuevas incorporaciones,Protocolo de Integracion Limpia,Define pasos para integrar sin errores,Fabrica industrial 27 por ciento errores iniciales Tras protocolo baja a 8 por ciento,dorado,Nuevas incorporaciones cometen errores repetidos no hay estandar de integracion curva de aprendizaje larga falta de acompanamiento procesos confusos impacto en calidad,Tu integracion es lenta necesitas medir errores iniciales,Analisis de riesgos,Identificar errores iniciales analizar causas raiz crear plan de integracion documentar pasos criticos crear checklist entrenar equipo medir errores iniciales,Porque necesitas identificar errores iniciales,5 Porques,Porque necesitas llegar a la causa raiz,Kaizen operativo,Porque necesitas eliminar errores de forma continua,Checklist de integracion,Porque necesitas asegurar consistencia,OKR tracking,Porque necesitas medir reduccion de errores iniciales
EXCELENCIA OPERATIVA,Esta unidad es para empresas que ya han demostrado que pueden crecer y ahora deben demostrar que pueden mantenerse arriba Aqui consolidamos estandares metricas y sistemas de alto rendimiento sostenido No es mejora es certificacion de nivel,Tu empresa esta lista para consolidar su excelencia operativa,93,OPE-S2,Excelencia,Dependencia Critica del Lider,La operacion depende en exceso del lider Cuando esa persona no esta las decisiones se frenan y la ejecucion pierde ritmo Redisenamos el sistema para que la empresa funcione con autonomia sin perder control estrategico,PIE,Si demasiadas tareas dependen del lider la operacion se vuelve fragil Vamos a medirlo con Input A tareas criticas del lider e Input B tareas criticas totales,Introduce tareas criticas del lider y tareas criticas totales para saber tu nivel real de dependencia,Una operacion excelente mantiene dependencia del lider por debajo del 15 por ciento,(InputA/InputB),<0.15,70,85,95,100,[{id:'inputA';label:'Tareas criticas del lider'};{id:'inputB';label:'Tareas criticas totales'}],Tareas criticas del lider,Tareas criticas totales,Tareas criticas lider post,Tareas criticas totales post,Δ dependencia,Aumento real de autonomia operativa,Reduccion inmediata de carga del lider,Diagnostico de Dependencia,Identifica que tareas dependen del lider,Protocolo de Delegacion Clinica,Visualiza tareas dependientes,Empresa de servicios 49 por ciento dependencia Tras protocolo baja a 14 por ciento,dorado,El lider toma demasiadas decisiones el equipo depende del lider no hay claridad sobre que delegar decisiones se atascan roles sin autonomia carga mal distribuida,Tu organizacion depende demasiado del lider necesitas medir dependencia,Arbol de decisiones,Mapear decisiones identificar delegables crear matriz de autoridad redistribuir decisiones documentar responsabilidades entrenar equipo revisar carga medir dependencia,Porque necesitas definir que decisiones delegar,SIPOC de roles,Porque necesitas entender flujo de responsabilidad,Redistribucion de autoridad,Porque necesitas mover decisiones al nivel correcto,Checklist de delegacion,Porque necesitas asegurar ejecucion,OKR tracking,Porque necesitas medir reduccion de dependencia
EXCELENCIA OPERATIVA,Esta unidad es para empresas que ya han demostrado que pueden crecer y ahora deben demostrar que pueden mantenerse arriba Aqui consolidamos estandares metricas y sistemas de alto rendimiento sostenido No es mejora es certificacion de nivel,Tu empresa esta lista para consolidar su excelencia operativa,94,OPE-S3,Excelencia,Ritmo Operativo Irregular,La operacion no mantiene una cadencia estable Hay picos de carga parones y retrasos que afectan calidad y capacidad Certificamos un ritmo constante y predecible,PIE,Si las entregas no se completan a tiempo el ritmo operativo es inestable Vamos a medirlo con Input A entregas a tiempo e Input B entregas totales,Introduce entregas a tiempo y entregas totales para saber tu nivel real de ritmo,Una operacion excelente mantiene al menos 85 por ciento de entregas dentro del plazo estandar,(InputA/InputB),>0.85,70,85,95,100,[{id:'inputA';label:'Entregas a tiempo'};{id:'inputB';label:'Entregas totales'}],Entregas a tiempo,Entregas totales,Entregas a tiempo post,Entregas totales post,Δ ritmo,Aumento real de estabilidad operativa,Reduccion inmediata de retrasos,Diagnostico de Ritmo,Identifica donde se rompe la cadencia,Protocolo de Ritmo Sostenido,Define pasos para estabilizar flujo,Empresa industrial 61 por ciento entregas a tiempo Tras protocolo sube a 89 por ciento,dorado,Picos de carga parones retrasos tareas acumuladas urgencias constantes falta de planificacion falta de estandar ritmo inestable,Tu ritmo operativo es irregular necesitas medir cadencia,Impacto vs Esfuerzo,Mapear flujo identificar cuellos de botella unificar plazos crear estandar de ritmo eliminar tareas bloqueantes revisar carga por rol crear checklist medir ritmo,Porque necesitas priorizar cuellos de botella,VSM operativo,Porque necesitas ver flujo completo,Unificacion de plazos,Porque necesitas alinear ritmo,Checklist de ritmo,Porque necesitas asegurar cadencia,OKR tracking,Porque necesitas medir estabilidad operativa